{
  "mode": "logreg",
  "auc": 0.7724935064935067,
  "best_threshold": 0.65,
  "precision_at_best": 0.5142857142857142,
  "recall_at_best": 0.8181818181818182,
  "f1_at_best": 0.631578947368421,
  "n_rows": 1840,
  "pos_rate": 0.2391304347826087,
  "features": [
    "hits_in_window",
    "score_max",
    "score_sum",
    "comments_max",
    "comments_sum",
    "has_positive",
    "has_crisis",
    "has_earnings",
    "has_primary_source_link"
  ]
}