{
  "mode": "logreg",
  "auc": 0.850097950572634,
  "best_threshold": 0.55,
  "precision_at_best": 0.47435897435897434,
  "recall_at_best": 0.9367088607594937,
  "f1_at_best": 0.6297872340425532,
  "n_rows": 1660,
  "pos_rate": 0.19036144578313252,
  "features": [
    "hits_in_window",
    "score_max",
    "score_sum",
    "comments_max",
    "comments_sum",
    "has_positive",
    "has_crisis",
    "has_earnings",
    "has_primary_source_link"
  ]
}